,stat,pvalue,dof,FDR
NFKB2,-2.63998938407102,0.0131672235001485,29.2190500583768,0.0317442365003581
EBF1,-2.63038460909756,0.0134715660222803,29.21218781889,0.0319821147551846
NFKB1,-2.62620626713186,0.0137403552405562,28.5027029818792,0.0320983604256534
ZNF768,-2.62202479672476,0.0142332664373392,26.8002770799706,0.0329111216506504
FLI1,-2.61870138738028,0.0136731971565627,30.1865673910322,0.0320983604256534
KLF9,-2.56102084035753,0.0156395945333223,30.3624407965227,0.035764072793112
SP1,-2.55756261026518,0.0157200821114728,30.621269583503,0.0358164508180809
ZNF528,-2.54807225339979,0.0160661161508014,30.6727569876237,0.0364712563715273
KLF1,-2.54748590860417,0.0161743653653341,30.2101051604031,0.036583473662683
KLF12,-2.53807789809083,0.0165177614351583,30.3023824418319,0.0371353442618086
ZNF467,-2.53714357949434,0.016614537112144,29.987293962815,0.0371353442618086
SP4,-2.53610124921725,0.0165570328167211,30.5006900478983,0.0371353442618086
ZEB1,-2.53549616142123,0.0166571721045733,30.0983980800638,0.0371353442618086
ZNF281,-2.52846532905587,0.016892571003317,30.3100762922415,0.0373362562540149
ZNF563,-2.52533891682256,0.0170767058776083,30.0013723527854,0.0373362562540149
KLF6,-2.52083373307973,0.0172235362085845,30.1730647903923,0.0373362562540149
KLF3,-2.52025469509341,0.0172429731165053,30.192911910115,0.0373362562540149
KLF15,-2.51966002696341,0.0173069107645726,29.9897148794773,0.0373362562540149
ETV5,-2.5190244211336,0.0173228344770138,30.0390253724189,0.0373362562540149
ZNF263,-2.51693707981144,0.0174356657381034,29.8969971164581,0.0373362562540149
KLF4,-2.51600504064932,0.0174376469897374,30.0776006162016,0.0373362562540149
KLF5,-2.51516916333676,0.0174013183348013,30.437702248405,0.0373362562540149
SP3,-2.51085298578519,0.0175771105954543,30.4406595214625,0.0374367737379755
VEZF1,-2.51033990929365,0.0176987803275481,29.9311520523374,0.0374367737379755
ERG,-2.50984018561663,0.017667529777208,30.1913675993731,0.0374367737379755
SALL4,-2.50336680291075,0.0180054963827067,29.8464042184443,0.0375819421142402
ETV4,-2.49764576294981,0.0182249949193509,29.9510312375472,0.0378359637891694
ZNF816,-2.49194433578645,0.0186987133289024,28.8668711052681,0.0384442225512796
KLF8,-2.48936133468385,0.0196552207261869,25.5264659584829,0.0389348639862683
BCL11A,-2.4890149024917,0.0187495770120202,29.2125052032492,0.0384442225512796
ETS1,-2.48655016405397,0.018849315765869,29.2459145149077,0.0384442225512796
ETV2,-2.48226714236128,0.019022101546353,29.3123642808352,0.0385398930352821
WT1,-2.48206031244456,0.018851266685113,30.1684575752451,0.0384442225512796
SP2,-2.48083755219154,0.0187978541601147,30.7020855634825,0.0384442225512796
PATZ1,-2.47955676108265,0.0189609851629555,30.1685921330121,0.0385398930352821
MAZ,-2.47025688142897,0.0194075483742057,30.0061187422024,0.038752172631534
EGR2,-2.46898091779913,0.0194383888441135,30.1333355555035,0.038752172631534
ASCL1,-2.46832817773377,0.0194208295715631,30.3613921999962,0.038752172631534
ETS2,-2.46586278735151,0.0197836731217449,29.1820080741258,0.0390649037515091
ZNF341,-2.45577671179327,0.0200284525397123,30.1904384858831,0.0391751493072361
TCF4,-2.44889508078938,0.0203073143527987,30.3888208461041,0.0395960800233254
INSM1,-2.4481471073113,0.0207803077123978,28.4275279580683,0.0398930598676278
MYOG,-2.44564522122394,0.0205119312258559,30.1426393052068,0.0397458605061756
NHLH1,-2.44210877627635,0.0207628673978015,29.7570627685182,0.0398930598676278
BHLHA15,-2.43965793412567,0.0207159648178447,30.5247253626488,0.0398930598676278
MZF1,-2.43958779823867,0.0210027013253895,29.223613452274,0.0401136283897654
CTCFL,-2.43539906352056,0.0210241846544429,30.035650719573,0.0401136283897654
RXRA,-2.4318204445143,0.0212716001275061,29.698766936322,0.0404615757777028
NR1D1,-2.42492962461342,0.0217807238731439,28.9549111416725,0.0411788559811569
NR1H4,-2.42128678626977,0.0217810990639882,29.7410195541934,0.0411788559811569
NR2C2,-2.41705963392985,0.0219100864150178,30.1125618876964,0.0412971931822457
ZNF320,-2.41597409191984,0.0222389137520547,28.9140529947419,0.0415624178156182
IRF3,-2.41512664427835,0.0224517240933243,28.2209704747873,0.0415624178156182
EGR1,-2.411084815887,0.0221682093834195,30.3110852452727,0.0415624178156182
SPI1,-2.41104471628957,0.0223985035807309,29.2979969214719,0.0415624178156182
ZIC3,-2.41077665925305,0.0223750904991385,29.457696095403,0.0415624178156182
KLF16,-2.40939585481839,0.0223959211424232,29.6741095227526,0.0415624178156182
ZNF322,-2.40559470557368,0.0225637702926356,29.79293738815,0.0416458905697903
NFIC,-2.405571939238,0.0228084196995002,28.7577920357843,0.041778657161234
AP2A1,-2.40512666673354,0.0227697708260804,29.0127227477058,0.041778657161234
MECP2,-2.4044896269251,0.0232341960744039,27.323442647152,0.041778657161234
LYL1,-2.40008572917353,0.0230311199294578,29.0149523224255,0.041778657161234
TFDP1,-2.39419594495707,0.0230743249518818,30.15920898554,0.041778657161234
SPIB,-2.39332454553255,0.0234053288066089,28.938315520622,0.041778657161234
NR2F1,-2.39049959441708,0.0232443098191311,30.2719604879226,0.041778657161234
PTF1A,-2.38914533348243,0.0234417224264802,29.7192766795231,0.041778657161234
TCF12,-2.38769070378789,0.0233873064420201,30.3000133738157,0.041778657161234
ZIC1,-2.38025007778034,0.023824247413576,30.1343012297883,0.0423390911178408
VDR,-2.37206008695321,0.0244265142927849,29.4723069039382,0.0431222143195225
TFAP2C,-2.36952927695727,0.0247464431815236,28.7431086548977,0.0431879713832584
HGNC:9982,-2.36942053673811,0.0244728965511116,29.8938373852409,0.0431222143195225
ESR2,-2.36452220793496,0.0247060020658081,30.0645928260717,0.0431879713832584
FOXO1,-2.36390548061183,0.0247879514209377,29.8613900046625,0.0431879713832584
CTCF,-2.35493982047627,0.0252920980588492,29.8749692050332,0.0439432541692855
ZNF335,-2.35445160169831,0.025384887805686,29.6036586461033,0.0439816161981523
RARG,-2.34933908219287,0.0255975313376387,29.9434536237259,0.0442268458111425
TCF3,-2.34794731268647,0.0266790493550233,26.2629758941252,0.0448466792484082
ZNF667,-2.34518835259677,0.0258934307846849,29.7134395523871,0.0446141660611468
ETV1,-2.34205984333065,0.0267493858539541,27.183012191369,0.0448466792484082
OSR2,-2.33772165653724,0.0262362885744523,30.1123994499817,0.0448127179803615
ZNF554,-2.33681269664815,0.0264777050146601,29.3416259178156,0.0448127179803615
E2F7,-2.33635007189116,0.0263828763451065,29.839120070394,0.0448127179803615
RFX5,-2.33628217927337,0.0264695925669947,29.5009340363855,0.0448127179803615
TBX21,-2.33458836793526,0.0264343610297188,30.0607662353728,0.0448127179803615
PLAG1,-2.33266860430663,0.0270551536910516,28.0845230805752,0.0449954695075778
E2F6,-2.33219394112803,0.0265850368725939,30.0278689068816,0.0448127179803615
ZFX,-2.330836758099,0.0265827794408132,30.380565300489,0.0448127179803615
ZBTB6,-2.32925156426908,0.0268845708331956,29.5241340429441,0.0449521587587302
SMAD2,-2.32681574934305,0.0272338077426956,28.7356917216194,0.0450784188959619
NR2F2,-2.32428360348598,0.0269608488214921,30.4529331062911,0.0449588417344989
NFIA,-2.32165784132277,0.0272499766959513,29.9120340086814,0.0450784188959619
SP8,-2.318059863762,0.0274761218563268,29.8898191470771,0.0453319570149477
ZNF449,-2.3095455882198,0.0280509630119879,29.7044326966844,0.0461579338451229
EGR4,-2.30297886259127,0.0286607867566343,28.9477317048588,0.0469131825332277
TFAP4,-2.29981626655206,0.0289582221609417,28.5938701097303,0.047275627779805
MESP1,-2.29818758706158,0.0300161853635898,25.4964816268039,0.0479950316096475
ELF1,-2.29360312583711,0.0291366370665748,29.4308978935612,0.0473185071942808
TAF1,-2.29276077186586,0.0290615619674979,29.9413145559194,0.0473185071942808
CSTA,-2.29146662090614,0.0293530670857677,29.1340346758411,0.0474223577333702
ZBTB7A,-2.28743150880453,0.0292469655994109,30.6009070269472,0.0473739911532125
KLF14,-2.28523720964928,0.029806010638581,28.9674114665553,0.0479052677446961
MED13,-2.28350298406709,0.0295805920632969,30.2888728469979,0.0476661353973333
TBX3,-2.28349307634895,0.0299575209048685,28.8337721759411,0.0479950316096475
EGR3,-2.28224327990868,0.0304307623530878,27.4707534138945,0.0484090388327892
ZNF331,-2.27366339064924,0.0314547269859648,26.0767987577871,0.049069246700828
ZNF770,-2.2731759234028,0.0301686953962221,30.6974590953063,0.0481152013755131
RBPJL,-2.26847317564237,0.030791401452335,29.489264873477,0.0488577849575316
GABPA,-2.2665676241213,0.0310370319151033,29.0574842716443,0.0489420381282551
OLIG2,-2.26266014160473,0.0314768961955472,28.4432519826826,0.049069246700828
PPARG,-2.26237902550551,0.0310805547599048,29.9838029345064,0.0489420381282551
RREB1,-2.26045679589721,0.032495136413863,25.711441250896,0.0499061107393156
HIC2,-2.26014499328797,0.0319833158407834,27.3274930270256,0.0496100310547812
SMAD3,-2.25882198585933,0.0313027800450086,30.0760271056485,0.049069246700828
AP2B1,-2.25772488539786,0.0313661301194034,30.1262739883552,0.049069246700828
STAT4,-2.25571699458279,0.0324176600994293,26.9352429182592,0.0499061107393156
E2F4,-2.25389799688377,0.0315814286723541,30.3299175924931,0.0491091215855106
ELF5,-2.24671080111683,0.0322063303591358,29.8688543871526,0.0497080334575247
FEV,-2.24542789887652,0.0321243930620535,30.5470768313629,0.0497049066781027
ZIC4,-2.23781236668572,0.0331582411502704,28.7224898561914,0.0505500637143829
IKZF1,-2.23542608772061,0.0329715803146411,30.0434229858831,0.0505131107283417
SNAI2,-2.23541211529251,0.0334374756818862,28.3611071617457,0.0508511243866338
MYF6,-2.23499416365076,0.0330989667550844,29.6795144143639,0.0505500637143829
ESR1,-2.231620723119,0.0336219107201226,28.6825304319125,0.0510068987022348
REL,-2.22592078678448,0.034541356234411,27.0574285349105,0.0516037706469093
RUNX3,-2.2220197735544,0.0341861281729011,29.203265400174,0.0515194643523425
GLI2,-2.22158949502844,0.0339831935618842,30.071067273997,0.0514295532737031
E2F1,-2.22007450552248,0.0342082617001889,29.6523559399819,0.0515194643523425
ASCL2,-2.21701610107274,0.0345949717827234,29.086434565019,0.0516037706469093
NFIX,-2.21673434050426,0.0347357690090726,28.6698001536535,0.0516650510273291
NR5A2,-2.21451154813652,0.0350951814412507,28.0304190248975,0.0519574517221867
MYOD1,-2.21180074797001,0.0348033060778953,29.7634886037914,0.0516650510273291
RELB,-2.20916881658026,0.035250875605728,28.8818968499599,0.0519574517221867
ESRRA,-2.20888952057333,0.0351912965675592,29.1655122673502,0.0519574517221867
STAT3,-2.20793677474584,0.0353579044023878,28.8391809168535,0.0519920012725419
ZNF134,-2.19832914313145,0.0361381801645735,28.7230688306093,0.0530140284489733
RUNX2,-2.19414262883096,0.0363120364605778,29.2610126133164,0.053143733361128
ID4,-2.1871994450018,0.0378780574319364,26.1040826183234,0.0551759993505022
RARA,-2.18634103681907,0.036684778026884,30.1550560848778,0.0535632204993471
BACH1,-2.1729063373974,0.0380518432950084,29.163964820936,0.0552996414240542
EHF,-2.17065013583331,0.0387406306498786,27.5370428063732,0.055908752353189
ELK4,-2.16989941604687,0.0381444438391593,29.7077840766431,0.0553049978274058
PBX3,-2.16826736761809,0.0387315670290224,28.1839075583457,0.055908752353189
ZNF257,-2.1635385270888,0.0396200752176814,26.6990665154,0.0566521535296501
PPARA,-2.15951318161317,0.0392817643212984,28.783253178863,0.0562978281286811
E2F3,-2.15610975077511,0.0391576671811272,30.2168631270243,0.0562495819553374
HIC1,-2.1449770444034,0.0406398468876338,28.4208113504829,0.0577122939819823
ELF2,-2.14424717474984,0.0404703164839753,29.1854575835922,0.0577122939819823
FOXO3,-2.14324622316434,0.0406080749171656,29.0159110009515,0.0577122939819823
ELF3,-2.14278088416718,0.0412010492947542,27.2894692001465,0.0581112305245739
GCM1,-2.1390721289028,0.040795092055262,29.6200294067946,0.0578007910213508
THRA,-2.1360309849032,0.0411163743615359,29.4357472288124,0.0581112305245739
NR1H3,-2.12947364467442,0.0423995221397701,27.2388412724999,0.0593975287633716
PAX5,-2.12562849149883,0.041769237601184,30.3963369699073,0.0587494130913528
TP63,-2.12355453962896,0.0428147386706216,27.5891091384576,0.0597102409262929
REST,-2.12065119168853,0.0445490171313109,23.8455882801326,0.0614050644337353
MXI1,-2.11758747532976,0.0425308162700685,30.2766077552074,0.0594475679100732
SMAD4,-2.11702031753001,0.0429934694358453,28.8814107420206,0.0598253646288496
ZBTB7C,-2.11446978719589,0.0433342644856978,28.5415888110242,0.0601649832814822
ETV6,-2.10710566312041,0.0438804007408195,28.9794344187285,0.0607875484650105
PRDM1,-2.09819059350998,0.0446223297814282,29.2967069797299,0.0614050644337353
ATOH1,-2.0970122582528,0.044859831653089,28.8898354419121,0.0615956187377955
SNAI1,-2.09292283401901,0.0453501328481316,28.576199915696,0.0619951266627205
HINFP,-2.09248341273852,0.0452107586496648,29.1534054148937,0.0619407310134174
SOX4,-2.09234237375982,0.0457243331568615,27.618139432106,0.0622182500027079
NR4A2,-2.08751641404322,0.0458866381171348,28.5299589114165,0.0622182500027079
RORA,-2.08543892748168,0.0458386264496772,29.3239889158923,0.0622182500027079
FOXO4,-2.07887391001445,0.0464743143712804,29.3445297812912,0.0627050402146126
ZNF143,-2.07670347496912,0.0462452600419802,30.8617506847932,0.0625316342306776
BCL6,-2.07308603087066,0.0476427226831675,27.5316742915633,0.0640038304728513
ZNF708,-2.07189055348946,0.0506824470706774,21.1642428978509,0.0670733661233221
GLIS2,-2.06808896669986,0.0486100879902243,26.2683796573917,0.0648829929826599
TBX2,-2.06079305064502,0.0484590930108808,28.7904342903408,0.0648829929826599
ZNF121,-2.05492711892587,0.0485786109927042,30.3586208539572,0.0648829929826599
RFX2,-2.05254007060749,0.0499801224830714,26.8550817193522,0.0664265730437402
SPDEF,-2.04501810739744,0.0505764192946883,27.372324404274,0.0670733661233221
NRF1,-2.04266442637762,0.0498938242830988,30.2179256865255,0.0664265730437402
MTF1,-2.0366775032473,0.0523810350191276,25.0533413169107,0.0687362948985176
MBD2,-2.036539943476,0.0509173815683813,29.0025133614787,0.0672412130266097
USF2,-2.02786216886596,0.0515748790427434,29.8735199819695,0.0679652007724288
SREBF1,-2.02538995223787,0.0523232145082323,28.3823475915657,0.0687362948985176
ELK1,-2.02444263913292,0.0525183094111752,28.1143296816636,0.0687713441131599
TP73,-2.02342427519544,0.0527653919159093,27.7274933115657,0.0689497348144865
BACH2,-1.99978554511257,0.055176948157613,28.3801949775095,0.0716493982338941
TBX20,-1.99855001635436,0.055106395723338,29.0078434376898,0.0716493982338941
CREB3L1,-1.99286616712556,0.0576088437153315,24.3267906732099,0.0744962594406158
STAT6,-1.98740105493405,0.057110409389724,26.9954037197373,0.0740055721675173
JUND,-1.98342121846828,0.0577745694766675,26.492042319673,0.0745555647603469
HNF4G,-1.97250488252809,0.0588032239875628,27.1829803998914,0.0755694324798845
IRF4,-1.97226233128018,0.0598348886836719,24.7878803638497,0.076736702600503
USF1,-1.97052208037495,0.0581941072770924,29.6028572822946,0.0749414797647028
STAT1,-1.93888231390827,0.0628090577873902,27.5836426864196,0.0802201929029912
SOX2,-1.93804076808064,0.0626827216190248,28.2182340743505,0.0802201929029912
ZBTB7B,-1.93447277802505,0.0639233368510294,26.1980876068554,0.0813094386939474
NEUROD1,-1.920162400765,0.0672980945228018,23.045229482581,0.0850801113682576
JUN,-1.91625193679141,0.0660086786608498,26.9181386257937,0.0837906084225481
IRF1,-1.90464374737051,0.0672441859456976,27.7390218374627,0.0850801113682576
MAFF,-1.89860790115294,0.0679254544015922,28.111085400491,0.0856990520036315
YY1,-1.88785937801461,0.0692829801062722,28.4505831428823,0.0872348453969662
IRF8,-1.87447759000299,0.0723228877252369,25.5925159824862,0.0905127488231335
HNF4A,-1.87216296184418,0.0711227084765129,29.5152518787126,0.0893703528735172
TBX4,-1.86976860932773,0.0717154415316597,28.7947315763703,0.089933477082041
ZBTB33,-1.85136229284865,0.074501867557903,28.5096991165952,0.0930525333755334
RBPJ,-1.84092454971059,0.0760106557277944,28.6499997188323,0.0947467492238239
RXRB,-1.83007607757149,0.0778436221838314,28.1594028210502,0.0968374659966863
ARNTL,-1.81131813224332,0.0805499470835025,28.7556838601557,0.0998049145138219
ZNF418,-1.79554440224851,0.0838294493118072,26.8536472207079,0.103456185460206
TBX5,-1.79330847357915,0.0837466206224286,27.9638501771371,0.103456185460206
FIGLA,-1.78847373379487,0.0852458417762397,26.2558917442728,0.104995868484794
SREBF2,-1.77924648430553,0.0865174103232398,26.8643724066631,0.106141674992219
MAX,-1.77835951844407,0.0860499261801696,28.4098906468775,0.105776786727402
ESRRG,-1.76492123804002,0.0891388359650161,26.4128669438012,0.108928007800079
ZFP82,-1.76009294195837,0.088911012714977,29.0732617901633,0.108863484072275
MGA,-1.75088191998425,0.0911080336795156,27.5188819372381,0.11111607244835
CLOCK,-1.74555105987603,0.0922810629550573,26.9526482806851,0.112107072574308
MYCN,-1.72658268935332,0.0945279099762419,30.0015898243541,0.114612787534547
FOXO6,-1.7195572943751,0.0976416893864024,25.4758937666736,0.118157842020121
SPZ1,-1.71197189321773,0.0992413086114467,25.0818064583541,0.119860376614213
YY2,-1.70380302723875,0.100184039695453,26.3524309278865,0.120764481958472
MYC,-1.68791746873032,0.102000378694428,29.4251175897099,0.122716122916701
FOXJ2,-1.67528008203385,0.106319316900614,25.0506762883131,0.12741929694062
MAFK,-1.67271050749798,0.105462453115797,28.1539993861289,0.12663638192669
HEY2,-1.64441372746971,0.111491699236195,27.4617503778299,0.133361224855602
GRHL2,-1.64218205993549,0.112670447602651,25.8356248811718,0.134506618220022
LEF1,-1.64183186652146,0.112881759985292,25.5427547406724,0.134506618220022
AR,-1.63276900988817,0.114200835543693,26.8288649232965,0.135300799444147
E2F2,-1.63172730560077,0.114194771569858,27.3621164157182,0.135300799444147
SOX3,-1.62185116818754,0.116743060320107,26.3462810667766,0.137787824514433
GFI1B,-1.59376825784161,0.1224442307772,27.4375413958652,0.143970343182265
GLI3,-1.58790982623272,0.125285014101066,24.2054076876718,0.147032601454459
MAF,-1.55001616777302,0.133212275197519,26.029102651519,0.155455975934065
SOX10,-1.54385848681048,0.134414232837008,26.6527615717918,0.156564892929998
NFE2,-1.53124085975234,0.139669850100138,22.4677494455355,0.161992254263096
FOXJ3,-1.51997112153067,0.139855049098525,27.6917202676131,0.161992254263096
FOSL2,-1.5036837717107,0.146670791362968,22.3377375076413,0.169571063620383
THRB,-1.49005731785596,0.151807366496942,20.0055255767268,0.174859596224255
PRDM6,-1.4782685440663,0.151264858559676,26.1855459590164,0.174557962938995
ATF6,-1.46223932999832,0.163576247149298,15.5622446872867,0.18772034266949
NR2F6,-1.45680670580879,0.156420963596561,27.6803943255031,0.179840738183107
CREB1,-1.43564501152481,0.165108576569498,22.097602743874,0.189129898022518
MITF,-1.42427234415159,0.167131344226284,24.2085163350793,0.191095029611671
STAT2,-1.3476955178331,0.191319529855071,22.2504161545997,0.218349995541017
JUNB,-1.34665708594434,0.193313991984458,19.7874151737413,0.219819566753808
MYB,-1.33392765698565,0.192955182477504,28.0569639059839,0.219813413005508
NR2C1,-1.32785554983341,0.196392383360201,24.6483927245929,0.22291252271906
NR1I2,-1.31890768159245,0.200049073421874,23.2402888860211,0.226649405589082
FOXC1,-1.20545905342092,0.239835223664012,23.8809913608587,0.270249110722855
TFE3,-1.19335956958983,0.244999207668849,22.7991492480802,0.275568729059717
TEAD1,-1.18680868226656,0.245836066544067,26.4945762048151,0.276010890596407
RUNX1,-1.13833912660245,0.267776346944935,21.0384014753308,0.300102500540089
TCFL5,-1.11894661282761,0.272779756450867,27.6793753860685,0.305160087252589
NR4A1,-1.09999199839652,0.283271384272245,21.9170347477302,0.315761292145764
ARNT,-1.0286623525977,0.312996460665704,26.3284665974352,0.347649640239406
RHOXF1,-0.989646902322916,0.334896209486581,18.8268229733153,0.371310948842519
NKX2-5,-0.919058378358044,0.368821680207015,20.3678957910669,0.406750150866602
FOS,-0.872215025277819,0.394759200213882,17.7153620972544,0.433816647584866
MEF2C,-0.868857887676052,0.393321620047866,24.6042576578998,0.433001854282784
FOSL1,-0.804926001361269,0.433380427847056,15.0680136483852,0.474582088240966
ZNF547,-0.766265678666285,0.452651602648571,19.5940809101458,0.494814229960301
ZNF394,-0.75355140468685,0.460725116377714,18.2606135714325,0.502756179626207
NR3C1,-0.707954611219891,0.488887507740117,16.4440140084205,0.530694641909866
SOX9,-0.690127450789626,0.499264916722785,17.3068482872257,0.541015293034098
ATF2,-0.671237473720457,0.513505478591203,13.3632346592864,0.553553566176305
TP53,-0.670036822169742,0.510202848396391,20.807123280375,0.55094821476138
ZNF549,-0.6630678515264,0.516503834278375,16.3918971466682,0.555822465261504
NR1I3,-0.652295754998781,0.523043646226254,16.7852282904637,0.561887993009897
PBX1,-0.644306210877522,0.528192826343116,16.5761454627763,0.566441272388652
TBX15,-0.607250286714646,0.551274746319804,17.9863685864533,0.589736831265554
BHLHE40,-0.604662932783655,0.552268059361757,19.8055141188295,0.589736831265554
HSF1,-0.604206638697339,0.552759763067232,19.2543900488819,0.589736831265554
HES1,-0.590284659033929,0.560898775602789,22.4365301652065,0.597395613741327
IRF2,-0.584924877291027,0.565514403852898,18.9061409044924,0.600255903065704
ZFP28,-0.557191874928505,0.584217952017686,18.1098703090814,0.617999262168368
ZFP42,-0.550512814081146,0.589304001550559,16.590911271545,0.621266252482115
MEF2D,-0.537174265170619,0.597055465000501,20.0618584751902,0.628373095144351
MSC,-0.534664671538992,0.60021456364939,16.0420861728573,0.630630842212704
RFX3,-0.524350005556154,0.60703668805632,16.4321958547874,0.636723136544741
TFEB,-0.518041187247186,0.611317498723979,16.4725150681843,0.639057956649269
EOMES,-0.508758208896795,0.616407799602452,20.2960715164961,0.643298072739471
TBX1,-0.494602700350568,0.627230626591074,16.94838030446,0.653496565728053
MEIS3,-0.4654930065185,0.647588596895022,16.7076275294815,0.672454269229889
RFX4,-0.446997880613474,0.660787132316379,16.2215602273869,0.684916364270855
RXRG,-0.445067847877992,0.66179217833888,17.2908120411584,0.684916364270855
MEF2B,-0.44254411551391,0.66301877776542,19.2863473610653,0.685045979684536
TWIST1,-0.38086368756639,0.708981045524454,14.1005521125831,0.730109619728825
ESRRB,-0.222793618007534,0.826578035129018,15.6491218244651,0.842838586639752
FOXK1,-0.211199986047868,0.835043862644749,18.4712444367186,0.850077385540153
GFI1,-0.192653408723417,0.849382524907561,18.0409141551577,0.860449398196259
RELA,-0.173005100750596,0.864892784729442,15.4555504038763,0.873317065100183
NFATC1,-0.0982490657594634,0.922834423834565,17.7677862379519,0.928807462176536
MEF2A,-0.0834890501064446,0.934349389254723,18.7119003131239,0.938877738475666
MEIS2,-0.064100773873575,0.949674242631775,16.2011577584004,0.952737707930588
MAFB,-0.0105380101672147,0.99172858570291,15.2589555676804,0.99172858570291
HES5,0.0452061890553017,0.964492121903813,16.3012911163446,0.966045249314286
HEY1,0.117293875774233,0.907837861247158,19.3218249211112,0.915194732083845
FOXC2,0.173555675987117,0.864385899290748,16.0411574415873,0.873317065100183
FEZF1,0.199555638028995,0.844216303451066,16.8512806739328,0.85661099632392
ZNF274,0.204191925564951,0.840880265980118,15.3841320833806,0.854620139607244
TCF7,0.266297573886672,0.794162950141169,13.0761938332044,0.811115525431539
RORC,0.324458432867395,0.750402383734368,13.9578743986017,0.767681385991409
TEAD4,0.327175424962014,0.747501359802823,17.1214376517193,0.765973386816072
FOXL1,0.331227861339558,0.745928515326069,12.5715819324325,0.765622997578903
FOXB1,0.375317860747072,0.712450617809449,15.6862365764835,0.732469891367731
FOXP2,0.414860425491538,0.685214935311906,12.6106590602865,0.706805455661701
ZBTB18,0.477692384688162,0.638293101816708,19.0903041046958,0.66391021627089
FOXD3,0.519238563430591,0.61039775430418,16.7243647498967,0.639057956649269
NR2E3,0.551459745133486,0.588852280830716,16.1839443626543,0.621266252482115
CEBPA,0.56918539390105,0.577438538498321,15.3998081416524,0.611868434320197
PITX1,0.594373893194618,0.561877997254275,13.8037830224786,0.597415579986597
IRF7,0.681062653767807,0.506797196554201,14.1866327669317,0.548222358707327
NKX2-8,0.723630385815245,0.479627764658387,16.175419680888,0.521553268562092
BHLHE41,0.72813581452994,0.47694692593708,16.1642915124303,0.519546388674017
TGIF1,0.849230731630273,0.408716391503019,15.4537289831294,0.448362602319008
FOXP1,0.947625326271543,0.357807418153236,15.5585933515406,0.395304110286524
HES7,0.980579945062925,0.34409421370398,13.4624641488942,0.380830250754227
GATA1,1.10377287140961,0.284412183386247,17.7733048523007,0.31646579260509
ELF4,1.1162925852541,0.275141488193849,24.4643886764608,0.307249561322395
PAX6,1.2922992412941,0.216787656737845,14.27103965197,0.244722182379201
SIX2,1.32613870367951,0.202360300945868,16.9765768508296,0.228851103978782
FOXH1,1.54602564009383,0.139651424571423,17.8419092899527,0.161992254263096
CREB3,1.56124618403719,0.128618755489994,30.9968978634951,0.150377567508978
ATF3,1.58179683052437,0.128324098961092,21.4588804922996,0.150315611212428
CREM,1.59693094685348,0.120430791856651,30.9857159744753,0.141871122225069
GATA2,1.63210213933675,0.116220147555681,23.0947511823862,0.137431429238847
SOX17,1.64481657969516,0.113458244607797,23.2568727192592,0.134935044256309
GRHL1,1.74852994165993,0.0914380024298958,27.726090205099,0.111300269102535
SPIC,1.82307743039346,0.0785995391254791,29.0472156118269,0.0975826613493972
ELK3,1.93110313993641,0.0631034677301072,29.5799698246068,0.0804310592789481
ZNF436,2.00246145707315,0.0542639367869214,30.2686661915721,0.0707592634831554
XBP1,2.09473751748259,0.0459134674457282,26.4503394450168,0.0622182500027079
SOX6,2.09589501306223,0.0444077281604297,30.7923050487016,0.0613813487017495
MAFG,2.1159634338461,0.0472667233298583,19.72994013762,0.0636361513228829
TEAD2,2.16005619251806,0.0389315494388129,29.8295506107465,0.0560542216456982
NR2E1,2.19821237124261,0.0418424276518799,17.2695927786778,0.0587494130913528
GMEB1,2.21338402054418,0.0345879631662926,30.1190514202685,0.0516037706469093
CEBPD,2.26009156462324,0.0310017979513961,30.9380084609279,0.0489420381282551
FOXG1,2.27419667646917,0.0345960970414167,19.220825659272,0.0516037706469093
ZNF329,2.33651183066793,0.0261245700239908,30.9069056671974,0.0448127179803615
KLF13,2.35994592074208,0.0247526992217432,30.9991422604192,0.0431879713832584
GLIS1,2.38595466133944,0.0233308242729173,30.9842096233047,0.041778657161234
ZNF490,2.3927336687446,0.0229768721081122,30.9604718266289,0.041778657161234
JDP2,2.41742356087681,0.0230767995919435,25.5580557877204,0.041778657161234
BATF3,2.42154692154005,0.0284322532294083,15.1713722347774,0.0466619037168653
PBX2,2.43002502057188,0.0244004636246798,20.47430585244,0.0431222143195225
GCM2,2.45093609241953,0.0204752790915399,29.1730620212393,0.0397458605061756
PAX1,2.45365916209115,0.0199730746959154,30.9410144754175,0.0391751493072361
ZNF586,2.45582781236681,0.0198836252522696,30.8875019145485,0.0391380218573154
ERF,2.46285037155019,0.0195934105282306,30.7323498680177,0.0389348639862683
ZBED1,2.4687051433141,0.0192821938237992,30.9703300458367,0.038752172631534
EPAS1,2.47101518683382,0.0191736722656975,30.9973643606892,0.0387208576274801
PAX2,2.49444156658304,0.0182488571330399,30.511531177871,0.0378359637891694
ZNF146,2.50001364300249,0.0179213258099716,30.9911524405561,0.0375322042215566
GMEB2,2.50117456327637,0.0178855574298293,30.9233837754959,0.0375322042215566
BCL6B,2.50533809355462,0.0177553830429305,30.6965475060188,0.0374367737379755
CENPBD1,2.51111867445466,0.0174676054178751,30.9586659675816,0.0373362562540149
ETV3,2.51125178823012,0.0174656091450884,30.9402257153346,0.0373362562540149
ATF7,2.52163413687505,0.0171190575757259,30.5484691663998,0.0373362562540149
SOX11,2.58218435752826,0.0147947014659127,30.8308762560205,0.0339568424789582
ZNF680,2.58886340143139,0.0146853936349363,30.1331837950649,0.0338307957071495
HLTF,2.60162844337523,0.014145451317159,30.7216091117829,0.0328301146241527
GSC,2.61148363640006,0.0137785566457387,30.9534969326108,0.0320983604256534
NR3C2,2.6130704379662,0.0137353689664487,30.9001359658902,0.0320983604256534
VSX2,2.61762206020239,0.0135742258506566,30.9771669190177,0.0320983604256534
PRDM4,2.62192227989262,0.0134539497871519,30.8649112080064,0.0319821147551846
PAX4,2.62291495953165,0.0134177594070029,30.8910889464376,0.0319821147551846
GATA5,2.62550500386401,0.0133232768978834,30.9622730599608,0.0319821147551846
NFIB,2.63860564500778,0.0130067872844125,30.3841336202499,0.0314794618323135
PAX9,2.65268790254666,0.0124779166210363,30.9924911038739,0.030317438040174
HOXA11,2.65858275678714,0.0123174886191281,30.8957800587179,0.0300450114552851
DLX4,2.66007060875417,0.0122586308654637,30.9904814293121,0.0300191669225135
ZNF250,2.66185386507653,0.0122051698404137,30.9966201055348,0.030006385931768
RAX2,2.66392087456344,0.0121534803746604,30.9395181141372,0.0299978761628524
FOXF2,2.66422891015606,0.0121374310782317,30.9846642913321,0.0299978761628524
GSC2,2.66585150730617,0.0121043791026015,30.8929934626362,0.0299978761628524
DMRT3,2.66798115641052,0.0120478740857605,30.8583625994178,0.0299978761628524
ZNF502,2.66799819491847,0.0120547067149092,30.8115707492273,0.0299978761628524
ZNF582,2.67496033573179,0.0120617756938693,29.5364464576638,0.0299978761628524
HOXA5,2.68470709165691,0.011569070308975,30.8752223812694,0.0293065187473265
HOXA1,2.686252021006,0.011507421962332,30.997386300049,0.0293065187473265
POU6F1,2.68832100284593,0.0114529222495362,30.9780438984253,0.0293065187473265
TCF21,2.68886033614439,0.011590681047978,30.0013144530662,0.0293065187473265
ATF1,2.6915489946003,0.0115612865581044,29.7234894866211,0.0293065187473265
DLX5,2.69865860442976,0.0111687861638574,30.985911986992,0.0288256638751838
HIF1A,2.70442324647618,0.0110541480527095,30.7160338834511,0.0286486670366055
CUX2,2.70806793658071,0.0109150110706875,30.9988743300656,0.0284987251691161
GLIS3,2.71156727369017,0.0108623558485136,30.7306661753693,0.0284987251691161
GSX2,2.71351607078492,0.0108022851174475,30.7904658833492,0.0284704294197134
FOXM1,2.71462299617499,0.0109504747836314,29.6420956957731,0.0284987251691161
LBX1,2.71652257489663,0.0106947036868003,30.9888419453836,0.0283648453496372
BSX,2.71722002775358,0.0107166216353131,30.7163316153773,0.0283648453496372
EVX2,2.7218068818598,0.0105598030583609,30.9779366469077,0.0281896888510751
OTX1,2.72992253507939,0.0103663653665782,30.8872768915965,0.0277925830086707
LMX1A,2.73479499296985,0.010228068739766,30.99998546023,0.0275425576131672
SHOX2,2.73552159141082,0.010220823749876,30.9237398005777,0.0275425576131672
E2F8,2.73660668492644,0.0102288276666264,30.6802984401983,0.0275425576131672
NR6A1,2.74484235689677,0.00998725590219466,30.95176950791,0.0273253008866932
CREB3L2,2.75251122969015,0.00987377230512847,30.4454922137996,0.0271747184680969
DLX6,2.75304438969498,0.00978560779775294,30.9778399732042,0.0270517691120103
ZNF264,2.75367292306151,0.0100163482349936,29.3110014663528,0.0273253008866932
PROX1,2.75670521865062,0.00971056858685995,30.8902925758043,0.0269641681295843
HOXB3,2.75816589893717,0.00968091483782478,30.8546703770148,0.0269641681295843
NKX3-2,2.75996368496489,0.0096217129334238,30.9758993376738,0.0269581326332865
HOMEZ,2.7613921528145,0.00958541264968805,30.9957943255519,0.0269581326332865
DMBX1,2.76621024610451,0.00951273196276571,30.7073395815373,0.0268950876401831
EVX1,2.77515324778066,0.00926963454275322,30.9809714248984,0.026448223328406
ARID5A,2.77630062361592,0.00925298839717286,30.9112926503185,0.026448223328406
GBX1,2.77837768235002,0.0091951544298688,30.9917819142581,0.026448223328406
PITX3,2.77885616400621,0.00920229243050097,30.8586622726721,0.026448223328406
PAX3,2.78806691120936,0.00898004831706451,30.9834934737806,0.0261685918483414
LHX4,2.7922106903327,0.00889851098985944,30.9117673418144,0.0261685918483414
PAX7,2.79335806788294,0.00886728596585195,30.9584757100294,0.0261685918483414
ZSCAN4,2.79641481482875,0.00897900304428633,29.6631662492383,0.0261685918483414
VAX2,2.80036938669131,0.00871028009973933,30.9995545075719,0.0259601634588138
NOTO,2.80059075927526,0.00872294881493905,30.8662948650199,0.0259601634588138
DUX4,2.80102060392006,0.00870557523667847,30.9285610465271,0.0259601634588138
MIXL1,2.80455868558769,0.00862939080097296,30.9337686615616,0.0259601634588138
CREB5,2.80521669677254,0.00866159256172616,30.5826190454607,0.0259601634588138
GATA4,2.80635783876083,0.00900334188994384,28.0781005172909,0.0261685918483414
ZNF260,2.80940356233716,0.00855030063231774,30.754410256003,0.0259601634588138
HOXB2,2.81564527823644,0.00839248213899279,30.9671842014926,0.0258781984590701
LHX8,2.81667799666325,0.00840417377609672,30.7103548381574,0.0258781984590701
ONECUT2,2.81717777400232,0.00836931953586682,30.9004919119417,0.0258781984590701
GSX1,2.82043422309153,0.00838871427544424,30.2388286789885,0.0258781984590701
DLX2,2.82265801073469,0.00824430298674649,30.999788732254,0.0258781984590701
SOX13,2.82759623128558,0.00814964689447612,30.9570450432708,0.0257313724282444
HOXD3,2.82993317592519,0.00811690613164491,30.8440704394483,0.0257313724282444
T,2.83408976608585,0.00808592991284613,30.4361248206789,0.0257313724282444
HOXA9,2.83429190895364,0.00802277845305682,30.9011037794782,0.0257225164835121
SHOX,2.83753133085792,0.00796180406166965,30.8764531789288,0.0256592856288006
DLX1,2.84018238276155,0.00789561260460838,30.9906183184924,0.0255784950003459
ZNF136,2.84474784931435,0.00783895680908443,30.7302957171906,0.0255279117028823
HOXC9,2.84529914551428,0.00780268119370699,30.937114107313,0.0255279117028823
MEOX1,2.84545818126144,0.00781836711467081,30.7851460539806,0.0255279117028823
HMBOX1,2.85432553290792,0.00763105302084224,30.9280705978249,0.0253824330425876
SRF,2.85827165201992,0.00758827347292908,30.6685983096728,0.0253758392481822
VAX1,2.86062181010808,0.00750418845252259,30.9989833561719,0.0252302984728057
TAL1,2.86124005109983,0.00769927109296783,29.3715529824554,0.0254731203182234
MSX2,2.8619252963324,0.00749218581896836,30.8966390399694,0.0252302984728057
NEUROD2,2.86536668141765,0.0074493511160434,30.7227625764141,0.0252302984728057
VSX1,2.86786445452733,0.00738797130306873,30.8502508058372,0.0252302984728057
NKX6-2,2.86976772042924,0.00734503157183618,30.9180383416855,0.0252302984728057
OVOL1,2.87001561987913,0.00733127812363816,30.9959467820615,0.0252302984728057
RAX,2.87517521218091,0.00724024413863349,30.9743877774092,0.0252302984728057
HOXA2,2.87799409739938,0.00720525223657886,30.8411162466917,0.0252302984728057
MECOM,2.87977700175132,0.00717882092961028,30.7947249838834,0.0252302984728057
ONECUT3,2.88287990250177,0.00716863019414448,30.4171015867913,0.0252302984728057
CDX2,2.88767215623386,0.00935477936387058,19.2196831157802,0.0265692820288927
E2F5,2.88851290479415,0.0070045745940849,30.965165824098,0.0250393413650621
NOBOX,2.88881738905005,0.00699561137539565,30.9968334439255,0.0250393413650621
DUXA,2.89413213198006,0.00691483244401728,30.8970766521341,0.0250059638382486
ZBTB49,2.89449880243791,0.00689781409631219,30.9905077046568,0.0250059638382486
FOXK2,2.8983348938108,0.00685643939550187,30.7769995608774,0.0250059638382486
BARHL1,2.90212648591767,0.00677752018207345,30.9027848492173,0.0249444825636076
TRAF4,2.90331171229359,0.0067474663712087,30.9913956369431,0.0249444825636076
TBX19,2.90539125603789,0.00672922108439567,30.8429692979483,0.0249444825636076
TGIF2LX,2.908348168296,0.00673618471470901,30.3518626624698,0.0249444825636076
GATA6,2.9088716872361,0.00676040767448196,30.0728610647649,0.0249444825636076
NRL,2.91140429015851,0.00675970111653287,29.7269576557823,0.0249444825636076
TCF7L2,2.91300110051069,0.00662372635280561,30.6543678057229,0.0249444825636076
LMX1B,2.91325039717803,0.00658158568882891,30.9926837018017,0.0249444825636076
SOX1,2.91922575480286,0.00648302447854086,30.9997064984325,0.0249444825636076
OLIG1,2.92184272701061,0.00652461419841583,30.2538609555168,0.0249444825636076
TFCP2,2.92502638548136,0.00662218650116964,29.0182773580307,0.0249444825636076
NEUROG1,2.92723495197283,0.00636837033261284,30.8691158183679,0.0249444825636076
HOXB5,2.92845285568314,0.00637876604946916,30.5996290785187,0.0249444825636076
OLIG3,2.93351094539356,0.00633174307355367,30.3031876301918,0.0249444825636076
ARID5B,2.94113626799411,0.00614380120770238,30.9273566896556,0.0246544796851025
POU4F3,2.94624098994392,0.00606288279172186,30.9517005447178,0.0244877473795519
MNX1,2.95040510932773,0.00602829992339299,30.6830243594509,0.0244877473795519
PHOX2A,2.95161555426575,0.00597640113819098,30.9997506121146,0.0244877473795519
NKX6-1,2.9528548218899,0.00605879004145802,30.0674092658133,0.0244877473795519
SIX3,2.9540375832407,0.00605080901595213,29.9791263057542,0.0244877473795519
ESX1,2.95423218619497,0.00593990082514198,30.9734287849106,0.0244877473795519
VENTX,2.95697968428189,0.00591027371795137,30.8650786409915,0.0244877473795519
HMX2,2.95711506475016,0.00589416178465466,30.9999718243383,0.0244877473795519
FOXP3,2.95765613249737,0.00591498170864377,30.7251167466521,0.0244877473795519
NEUROG2,2.95774466107202,0.00605013007005013,29.4960959929458,0.0244877473795519
BHLHE23,2.96061707627894,0.00588336522199454,30.6093275719197,0.0244877473795519
CCR7,2.96200115362939,0.0058727501790282,30.5172058021799,0.0244877473795519
FOXI1,2.96744913503836,0.00851883331915617,17.2830612692182,0.0259601634588138
HMX3,2.97114115278324,0.00569115524114383,30.9816486046401,0.0244877473795519
EMX2,2.97147633996761,0.00569506789170207,30.89630443451,0.0244877473795519
FOXD1,2.97747061726715,0.00561875977126799,30.8060494632572,0.0244877473795519
OTX2,2.97818936944291,0.00573018498350012,29.6662718609035,0.0244877473795519
BHLHE22,2.98067614465486,0.00559647034134726,30.5822097930113,0.0244877473795519
ISL2,2.9824321991599,0.00553096285377803,30.9831228674862,0.0244877473795519
POU4F2,2.98249601314852,0.00556976133477959,30.5928375658056,0.0244877473795519
DLX3,2.98598359303197,0.00547991554971453,30.9991336435517,0.0244877473795519
PKNOX1,2.98706378919013,0.00555090898356313,30.1613132800963,0.0244877473795519
MLX,2.99120526279704,0.00540834537829526,30.9954135923059,0.0244877473795519
NFAT5,2.99471848578309,0.00738799609181762,19.1997203242371,0.0252302984728057
DRGX,3.00463794385386,0.00522834288091771,30.9853117053303,0.0244877473795519
MLXIPL,3.00819601017204,0.0051925903228789,30.8693952604441,0.0244877473795519
NFE2L2,3.00923341245393,0.00517104548786928,30.9510940926644,0.0244877473795519
ISL1,3.01155017660063,0.00514111818918955,30.9471441867368,0.0244877473795519
HLF,3.0167615357887,0.00509019255272922,30.7738880752532,0.0244877473795519
ARID3A,3.01818910903193,0.00533486807551581,28.2964918447459,0.0244877473795519
PKNOX2,3.02156040428528,0.00508490045135152,30.1995627304426,0.0244877473795519
BATF,3.02450575610667,0.00498170224260304,30.8731729253033,0.0244877473795519
RORB,3.02507431565745,0.00504210584518521,30.1779199837371,0.0244877473795519
PHOX2B,3.02816057291529,0.00492428149806833,30.9943095371641,0.0244877473795519
POU3F3,3.02891206796699,0.0051919317330909,28.3183647508662,0.0244877473795519
HESX1,3.03074560502435,0.00490025001880648,30.9059222112972,0.0244877473795519
PRRX2,3.03399833549424,0.00488290008308808,30.6610770942106,0.0244877473795519
SCRT2,3.04035872835066,0.00484282460016131,30.2607889286159,0.0244877473795519
IRX5,3.0415989708381,0.00477037506563028,30.8665941765769,0.0244877473795519
SCRT1,3.04769561475756,0.0048094223900806,29.6904831042269,0.0244877473795519
BARHL2,3.04928859138918,0.00468741245992961,30.7621580645551,0.0244877473795519
HOXD13,3.05089851354762,0.00465053740143924,30.9563810193941,0.0244877473795519
MSX1,3.05090737435488,0.00464881192764965,30.9743077469077,0.0244877473795519
HMX1,3.0542023188552,0.00462480558623493,30.8093349374552,0.0244877473795519
UNCX,3.05450423897129,0.00460433621957246,30.9966092051467,0.0244877473795519
LHX9,3.05535672883643,0.00460047466631445,30.9281288648571,0.0244877473795519
ONECUT1,3.0562326466724,0.00459454320023585,30.8799289508516,0.0244877473795519
TEF,3.05666411370423,0.00458590699837689,30.9197145581991,0.0244877473795519
EN2,3.0588231705133,0.00455658771381846,30.965746870762,0.0244877473795519
DPRX,3.06370542173632,0.00451310568331905,30.8198925284285,0.0244877473795519
IRX2,3.06495499001606,0.00448941641047349,30.9245240431914,0.0244877473795519
TFEC,3.06783567316351,0.00445735599561448,30.9147250709511,0.0244877473795519
FOXA2,3.06791351484161,0.00445041665542615,30.9834078805404,0.0244877473795519
ARID3B,3.07210103762968,0.00441017336009754,30.9015744497929,0.0244877473795519
ISX,3.07376994140582,0.00439737066578291,30.8335360299505,0.0244877473795519
TBR1,3.07667006313703,0.00447797969450974,29.6031300171546,0.0244877473795519
ZNF214,3.0777622075263,0.00433833126026146,30.9989092005394,0.0244877473795519
SOX18,3.0809421129768,0.00438877842475021,30.0389966346878,0.0244877473795519
CEBPE,3.08314888685835,0.00428938989701163,30.8769122572393,0.0244877473795519
CRX,3.085596710826,0.00433672799836791,30.0434562364889,0.0244877473795519
PROP1,3.08662277904117,0.00424124651810074,30.9955355742502,0.0244877473795519
NFYC,3.09050922564455,0.00420086074640199,30.9758805199773,0.0244877473795519
SOX7,3.09794232995379,0.0041794596880639,30.3024698225058,0.0244877473795519
ARX,3.10208776089681,0.00407926611714996,30.9593080179475,0.0244877473795519
ZIM3,3.10454036197721,0.00405524053823446,30.9402401351351,0.0244877473795519
FOXA1,3.10599114093387,0.00417151830079731,29.4468670018003,0.0244877473795519
TWIST2,3.10830228913882,0.00408344453501862,30.151974876478,0.0244877473795519
NFATC2,3.11212631072881,0.00398409013567084,30.8539266210036,0.0244877473795519
LIN54,3.11747332940184,0.00395046212888607,30.6036083622114,0.0244877473795519
TBP,3.12074283127199,0.00390173351590957,30.7940332582434,0.0244877473795519
MEIS1,3.1215593503879,0.00390448390065708,30.6612289662979,0.0244877473795519
HOXA10,3.1227691345775,0.00391055199996748,30.4428689655092,0.0244877473795519
LHX3,3.1262183765926,0.00384675154368979,30.7994369973961,0.0244877473795519
ALX3,3.13143968209495,0.00384075358066649,30.2485469088301,0.0244877473795519
POU6F2,3.14244530523188,0.0037392160617906,30.1842539984503,0.0244877473795519
EMX1,3.14567703347006,0.00366167328775385,30.7624046330184,0.0244877473795519
NKX3-1,3.14661863384157,0.00365760130392179,30.7016152668661,0.0244877473795519
NKX2-3,3.15346088263843,0.00363038563485904,30.2410994815024,0.0244877473795519
POU5F1B,3.1539364960164,0.00359882281722733,30.5800187389911,0.0244877473795519
NFATC3,3.15523667760781,0.00356105041921416,30.9106266747451,0.0244877473795519
ZNF384,3.15827101192493,0.00378334320312874,28.0015642673301,0.0244877473795519
FOSB,3.16382208224928,0.00347666330738561,30.9931690803004,0.0244877473795519
HSF2,3.16383804128557,0.00380404687806144,27.2589221971665,0.0244877473795519
CEBPB,3.16616255980095,0.00353865515375722,29.9318325137218,0.0244877473795519
MNT,3.16719858242865,0.00391669071250677,25.9186719465088,0.0244877473795519
TEAD3,3.16778318152953,0.00416625216416552,23.8953770218554,0.0244877473795519
HOXD11,3.1692034672295,0.00348334955323755,30.2794432736106,0.0244877473795519
HOXD9,3.17135237778858,0.00344682362628175,30.5015145173898,0.0244877473795519
EN1,3.17362548048604,0.00342434453358054,30.531741344499,0.0244877473795519
POU1F1,3.17520531244587,0.00382739668797771,26.0307092606312,0.0244877473795519
HNF1B,3.18970921481018,0.00325497008092711,30.9392286332496,0.0244877473795519
ZNF382,3.19115784172392,0.00323969061746149,30.9817201648016,0.0244877473795519
GBX2,3.19537721654711,0.0032071849723034,30.9427762515834,0.0244877473795519
HOXC10,3.19775595038148,0.00320453697814179,30.7058382896005,0.0244877473795519
IRF9,3.20373577387823,0.00316187111476593,30.6141560522572,0.0244877473795519
POU4F1,3.21199773001853,0.00309418862660377,30.6234774965826,0.0244877473795519
ALX1,3.21921750822893,0.0030105985508854,30.9985585048706,0.0244877473795519
MYBL2,3.22201080507262,0.00312653392402531,29.1287089455519,0.0244877473795519
POU5F1,3.23364873645532,0.00294282922863188,30.3675618396211,0.0244877473795519
FOXA3,3.23838361301577,0.00291079178906127,30.3117567261682,0.0244877473795519
AHR,3.24349487180647,0.0028415058914262,30.7638977696565,0.0244877473795519
ATF4,3.24404833116205,0.00285260998415748,30.5394148534019,0.0244877473795519
DBP,3.24490976589106,0.00287261338660102,30.1583064809587,0.0244877473795519
HOXC12,3.24817942992256,0.0028072176960297,30.7608023333305,0.0244877473795519
POU2F3,3.2534664768533,0.00275490887350211,30.9722365829283,0.0244877473795519
HNF1A,3.25420023022101,0.00274785839771644,30.9995477499086,0.0244877473795519
SOX15,3.25915998040284,0.00275388768471214,30.3701442242334,0.0244877473795519
ALX4,3.25943894027322,0.00271120290566309,30.9880358199309,0.0244877473795519
PRRX1,3.26102297704871,0.00269950099408764,30.9956671043663,0.0244877473795519
TGIF2,3.26241052266224,0.00274556701196739,30.1503852584298,0.0244877473795519
TCF7L1,3.26500648476627,0.00267133189557245,30.998345206633,0.0244877473795519
LBX2,3.27241261994812,0.00263648623388677,30.7388190775214,0.0244877473795519
AIRE,3.30072098387263,0.00252214336428134,29.5823592148176,0.0244877473795519
MYBL1,3.30295780986576,0.00249965001743,29.7011065797507,0.0244877473795519
SOX8,3.30510172191948,0.00242134467444898,30.719446653333,0.0244877473795519
ZNF140,3.30604822793124,0.00242136016638457,30.6205253176162,0.0244877473795519
ZNF317,3.30828533861248,0.00239900709023169,30.7559070191311,0.0244877473795519
SIX1,3.31917232359687,0.00241210818417187,29.4597579471161,0.0244877473795519
NFIL3,3.31922180025773,0.00233129550906383,30.7523176755211,0.0244877473795519
HES2,3.32607647385982,0.00227676943238357,30.9750728320744,0.0244877473795519
HOXD12,3.33766412558073,0.00220957894176411,30.9518453736007,0.0244877473795519
HSF4,3.33953859864873,0.00221619301275345,30.6438390554587,0.0244877473795519
MLXIP,3.35215151985064,0.00297111568857733,21.3330349132585,0.0244877473795519
CUX1,3.36011570701298,0.00214436116558461,29.8577422870297,0.0244877473795519
PDX1,3.37229410974647,0.00201397921526575,30.9974624850295,0.0244877473795519
CPEB1,3.38013914711115,0.00197829560175571,30.8879094006638,0.0244877473795519
NPAS2,3.38186459931196,0.0023041452536707,25.7884939408207,0.0244877473795519
POU3F1,3.39193115930981,0.0019149606795383,30.9365497444433,0.0244877473795519
HOXB13,3.39911529084792,0.001875613830586,30.9999565433927,0.0244877473795519
CDX1,3.39991008337892,0.00189603645717185,30.5245755634479,0.0244877473795519
POU2F2,3.4098439095518,0.00258532761454106,21.3948602606164,0.0244877473795519
LHX6,3.42535735143077,0.00176330858821776,30.7105497140429,0.0244877473795519
SOX5,3.43814103330233,0.00169081060426351,30.997185470069,0.0244877473795519
HOXC11,3.43879790794585,0.00172354230463708,30.2593221459065,0.0244877473795519
SOX14,3.46146656829318,0.0016068428965968,30.6030709164397,0.0244877473795519
POU3F4,3.46800961343164,0.00156133644267088,30.995693860924,0.0244877473795519
GATA3,3.47448720425957,0.00156900775116548,30.236317827948,0.0244877473795519
HOXC13,3.48249689519613,0.00152046675437967,30.5771779370004,0.0244877473795519
BARX1,3.49192930732294,0.00146947607002184,30.880704133513,0.0244877473795519
POU2F1,3.50378031662789,0.00142906118371476,30.7514557176139,0.0244877473795519
LHX2,3.52931389436379,0.0013423073954675,30.5632486768051,0.0244877473795519
POU3F2,3.53153436097222,0.00132545188964235,30.7819723912265,0.0244877473795519
FOXQ1,3.55147681935011,0.00124797979887737,30.9993783925837,0.0244877473795519
RARB,3.56484219085107,0.00123874193576925,30.0969948770836,0.0244877473795519
ID2,3.57443918046063,0.00142611394097258,25.6129687397621,0.0244877473795519
NFYB,3.61537383828857,0.00105906356479336,30.7412304405857,0.0244877473795519
IRF5,3.70281688769395,0.000828154239378303,30.9997812759486,0.0244877473795519
SOX21,3.70455206460842,0.000836954314289676,30.5626885213634,0.0244877473795519
NANOG,3.71607084525659,0.000817787263905941,30.3369748753507,0.0244877473795519
NFYA,3.73464948592227,0.00103475882209067,23.862936531717,0.0244877473795519
MEOX2,3.76331361196769,0.000721016144914914,30.27539272106,0.0244877473795519
FOXD2,3.79739719668673,0.000706903118347174,28.4736614401306,0.0244877473795519
HOXA13,3.81418510602497,0.000621514562216827,30.5334147958602,0.0244877473795519
HOXD8,3.84696701954958,0.000559276644403351,30.9366448460933,0.0244877473795519
CEBPG,3.97288663918482,0.000395850069053265,30.8824544324993,0.0244877473795519
ZNF350,3.97412308683958,0.00039826686822656,30.6605589450598,0.0244877473795519
